title, href, content
"生命科学学院代表队在“第二届海峡两岸大学生生物知识竞赛”中获一等奖", "http://news.scu.edu.cn/info/1135/27332.htm", "为促进两岸高校大学生学习与交流，激发两岸学子对生命科学的热爱，并积极投身于生命科学研究，由厦门大学主办的“第二届海峡两岸大学生生物知识竞赛”，于11月17日在厦门大学翔安校区举行。来自厦门大学、中国科学技术大学、浙江大学、武汉大学、四川大学、山东大学、兰州大学、台湾清华大学、台湾长庚大学、台湾交通大学等十所高校的学子参加此次比赛。四川大学首次参加此项比赛，由生命科学学院派出6名选手参赛，他们均来自2016级拔尖班。比赛采用淘汰赛制，大赛通过三轮的方式进行选拔，设特等奖一项，一等奖两项、二等奖三项、三等奖四项。决赛现场座无虚席，氛围紧张浓烈。在十进六环节，四川大学代表队以排序第三的成绩进入到第二轮竞赛环节。通过六支代表对的角逐，三支队伍进入第三轮决赛环节。最终山东大学代表队获得特等奖、武汉大学与四川大学代表队共同荣获一等奖。通过竞赛，海峡两岸的学子实现了专业知识和智慧的交锋；赛后的联谊晚会节目展示了两岸学子的风采、增进了大家的友谊。生命科学学院代表队学生准备的两个节目都获得一致好评，一首《成都》唤起大家对成都的向往之情，独特的说唱《目不转睛》展示了学院同学的青春活力。海峡两岸大学生生物知识竞赛是大陆高校与台湾高校学术与文化交流的良好契机，十校精英齐聚一堂，展示才华，碰撞思维。竞赛促进了海峡两岸学子的交流和了解，促进了生物知识的传播和更新，增强了在校大学生对生命科学的热爱，学科前沿问题的回答和探讨更是激发了大家的创造性思维，比赛将学科交流与人文交流融为一体，开拓了学生们的眼界，助力了学生的全面发展。"
"我校专家再赴金沙江白格村开展二次滑坡-堰塞湖抢险救灾工作", "http://news.scu.edu.cn/info/1135/27333.htm", "近日，西藏自治区江达县白格村再次发生滑坡。应西藏自治区国土资源厅邀请，四川大学水利水电学院邓建辉教授团队于11月5日再次前往滑坡灾害现场，积极配合协助滑坡调查和抢险救灾工作。央视报道邓建辉团队等专家组乘直升机赴现场考察在中国人民解放军部队的大力支持下，团队对滑坡区与堰塞坝进行了为期两天的现场调查和评估工作。“11.3”滑坡部位为“10·11”滑坡后缘牵引区，启动方量约100万方，滑动过程中裹挟了约100万方的“10·11”滑坡残留碎屑；由于泄流槽相对较小，200万方的滑坡碎屑造成金沙江二次堵江，并形成堰塞坝；新堰塞坝比“10·11”堰塞坝更高、危险性更大；前期对“10.11”滑坡危险区范围划定的结论基本正确，“11.3”滑坡是牵引区进一步失稳破坏的结果；牵引区基岩完整性差、风化卸荷强烈，同时坡体高陡，有再次滑坡堵江的风险，需要进行长期的监测和观察。昌都市国土部门组织的7人专家组赶赴滑坡现场邓建辉团队滑坡现场科学考察路线11月9日晚，邓建辉教授与西藏自治区国土厅、昌都市和江达县国土局等各级领导和专家临时召开会议，邓建辉教授就裂缝位置、滑坡区危险区范围和程度以及滑坡区基岩性质做了简要汇报，并对堰塞坝的处理和滑坡区裂缝的监测提出建议。次日，邓建辉教授团队向西藏自治区国土厅提交了《西藏自治区江达县白格滑坡形成机制与运动过程之再分析》报告，为堰塞坝的抢险排险工作提供了技术支持。裂缝区范围及危险区划定邓建辉教授向西藏国土厅等领导专家做简要汇报"
"四川大学2018年迎新晚会暨“十佳学生会”、“十佳社团”颁奖典礼举行", "http://news.scu.edu.cn/info/1135/27338.htm", "近日，“强国一代有我在”四川大学2018年迎新晚会暨“十佳学生会”、“十佳社团”颁奖典礼在江安校区体育馆举行。校党委副书记、副校长李向成，学校有关单位负责人，以及2018级新同学和省市学联、省内各高校代表参加了晚会及颁奖典礼。典礼上颁发了2017-2018年度四川大学“十佳学生会”、“十佳社团”奖，他们分别是文学与新闻学院学生会、商学院学生会、外国语学院学生会、历史文化学院学生会、电气信息学院学生会、华西公共卫生学院学生会、制造科学与工程学院学生会、华西药学学生会、水利水电学院学生会、计算机学院学生会，以及心理协会、科幻协会、演讲与交际协会、环保志愿者协会、笑笑相声社、行知协会、新长城四川大学自强社、飞扬俱乐部、雷雨话剧社、古筝协会。李向成代表学校党政向获得“十佳学生会”、“十佳社团”荣誉称号的先进集体表示祝贺，他勉励各学生组织再接再厉，为服务同学成长成才、推动学校改革发展发挥更大作用，用青春奋斗为新时代赋能，为中国梦续航。他表示，今年是改革开放40周年，改革开放进入新时代，中华民族伟大复兴呼唤着广大青年接力奋斗，将改革进行到底。2018级新同学是21世纪新一代，更是接力奋斗的强国一代，他寄语同学们“为强国而读书”，崇德修身、信念坚定，积学广识、全面发展，勇于奋斗、敢于担当，拓展视野、明辨笃行，成长为担当民族复兴大任的时代新人。颁奖典礼结束后，四川大学2018年迎新晚会文艺表演正式开始。文艺表演将学生个人的成长成才梦、学校的“双一流”建设发展梦和中华民族实现伟大复兴的中国梦融汇在一起，诗朗诵《百廿川大》，民族舞串烧《石榴籽·民族情》，合唱《强国一代有我》等一系列节目赢得了现场观众的掌声，晚会在全体演职人员共同演绎的歌曲《中国梦》中圆满结束。"
"国务院扶贫办主题征文获奖名单公布 我校5篇入选", "http://news.scu.edu.cn/info/1135/27342.htm", "近日，国务院扶贫办网站公布了“学习习近平总书记关于扶贫工作的重要论述”、“中国扶贫改革40周年”主题征文活动获奖名单公示，此次分别评选出107篇、118篇获奖征文，我校入选5篇。今年7月，我校在全校范围内组织论文征集并向国务院扶贫办推选12篇。5篇获奖征文中，有2篇为“学习习近平总书记关于扶贫工作的重要论述”征文作品，分别是：经济学院选送的《精准扶贫的经济学思考》（作者：贺立龙、刘丸源、李姗姗），公共管理学院选送的《习近平总书记关于扶贫工作的重要论述的形成逻辑和理论创新》（作者：张浩淼、程洋）。其余3篇为“中国扶贫改革40周年”征文作品，分别是：经济学院选送的《基于政府集成的中国特色减贫之路（1978-2018）：历史进程和逻辑主线》（作者：蒋永穆、万腾），商学院选送的《基于复杂性科学的环境经济协同发展研究-中国连片扶贫发展背后的管理理论基础》（作者：肖雄辉、任佩瑜、李晓峰），马克思主义学院选送的《改革开放四十年来习近平总书记“三农”思想的演进历程及经验价值》（作者：纪志耿、祝林林）。据悉，本次征文活动由全国扶贫宣传教育中心举办，“学习习近平总书记关于扶贫工作的重要论述”征文旨在为深入学习领会习近平总书记关于扶贫工作的重要论述，交流分享学习成果，展示精准扶贫精准脱贫的生活实践，坚决打赢脱贫攻坚战；“中国扶贫改革40周年”征文旨在纪念中国扶贫改革40周年，全面系统总结我国扶贫改革伟大历程和辉煌成就，进一步引导广大干部群众深入学习领会习近平总书记关于扶贫工作的重要论述，深化精准扶贫脱贫理论创新和实践创新。附件：1.2018年“习近平总书记关于扶贫工作的重要论述”征文获奖名单公示http://www.cpad.gov.cn/art/2018/11/7/art_50_90923.html2. 中国扶贫改革四十周年征文获奖名单公示http://www.cpad.gov.cn/art/2018/11/9/art_50_91001.html"
"中共四川大学委员会第一轮巡察巡察组完成进驻工作 ", "http://news.scu.edu.cn/info/1135/27270.htm", "截至2018年11月9日，中共四川大学委员会第一轮巡察3个巡察组分别对华西药学院、外国语学院、图书馆、党委宣传部、对外联络办公室（校友总会、校教育基金会）和招生就业处完成巡察进驻工作，并顺利召开工作动员会。会上，3位巡察组组长分别作了动员讲话，传达了校党委书记、校巡察工作领导小组组长王建国和校长、校巡察工作领导小组组长李言荣对学校巡察工作的整体部署和要求，并就本次巡察工作的重要意义、具体安排和纪律要求进行了说明。校巡察工作办公室相关负责同志就被巡察单位如何配合做好巡察工作提出了希望和要求。6个被巡察单位主要负责人就单位支持和配合好巡察工作作了表态发言。各巡察组在动员会上组织完成了民主测评及问卷调查工作。巡察组全体成员，校巡察工作办公室有关人员，被巡察单位领导班子成员、近期退出领导岗位的领导班子成员、全体教职工、离退休人员和学生代表参加会议。"
"我校首个发展中国家技术培训班项目在华西口腔启动", "http://news.scu.edu.cn/info/1135/27268.htm", "11月12日上午，由国家科技部国际合作司主办，四川大学华西口腔医学院承办的2018年发展中国家系统性数字化正畸诊疗技术国际培训班开班仪式在华西口腔举行。本次国际培训班是国家科技部国际合作司主办的第一个口腔正畸学领域的发展中国家国际培训班，也是四川大学承办的首个发展中国家培训班项目，旨在通过系统化的口腔正畸诊疗技术培训，提高发展中国家受训学员正畸诊疗能力和水平，为“一带一路”沿线国家培养中高端正畸专业技术人才。     来自泰国、老挝、印度、越南、马来西亚等“一带一路”沿线国家的28位口腔正畸领域教师、医生等参加培训。本次国际培训班的举办，将大力促进中国与受训学员所在国在口腔正畸诊疗技术方面的合作与交流，推动我国口腔正畸技术及相关产品输出，有力提升我国及华西口腔在“一带一路”沿线国家口腔正畸领域的影响力。   "
"四川大学中层领导干部履职能力提升专题培训班(第一期)在四川大学全国干部教育培训基地举办", "http://news.scu.edu.cn/info/1135/27277.htm", "近日，四川大学中层领导干部履职能力提升专题培训班(第一期)开班典礼在四川大学全国干部教育培训基地举行。校党委副书记、四川大学全国干部教育培训基地主任李旭锋，校党校常务副校长范嗣云，四川大学全国干部教育培训基地副主任王慧敏出席开班典礼。开班典礼上，李旭锋结合党的十九大、全国组织工作会议、全国教育大会精神以及学校全面推进“两个伟大”，对开展四川大学中层领导干部履职能力培训的重要意义进行了具体阐述。他说，四川大学正在践行国家“双一流”大学建设的伟大实践中，学校领导高度重视中层干部队伍建设，开展此次培训，是以提高中层领导干部的履职能力为目的。李旭锋表示本次培训有五个特点：一是师资力量强大；二是课程设置合理；三是培训形式丰富；四是培训安排紧凑；五是培训组织创新。同时，他对学员提出坚定政治站位、体现履职能力、静心学习、充分交流、严守纪律几点要求，并勉励学员们作为学校的中坚力量，通过培训凝聚共识、提升履职能力，为全面加快推进学校“两个伟大”而奋斗。此次专题培训班将分两期进行。本期培训有来自学校各学科、各单位的中层领导干部共91人。培训期间将开设“全国组织工作会议精神解读”、“新领导观与领导艺术”与“领导干部心理健康与压力调适”等理论课程，并将赴成都规划馆、川大智胜软件股份有限公司和成飞集团等地进行现场教学，参观学习“全域成都”规划、产学研深度融合，接受航空科技发展与爱国主义教育。培训采取课堂教授和现场教学相结合的方式，教学内容丰富、形式多样。培训设置了两次小组研讨，充分开展学院之间、部门之间的多向交流。习近平总书记在全国组织工作会议上表示，组织上要及时掌握动态，有针对性地补短板、强弱项，帮助干部一步步成长起来。本次专题培训班的举办，正是我校深入贯彻落实全国组织工作会议精神、全面推进“两个伟大”、优化干部成长路径的重要举措，有利于引导中层干部加强党性修养，健全知识体系，进一步提升履职能力和领导力。"
"普利兹克建筑奖得主妹岛和世教授走进川大作主题讲演", "http://news.scu.edu.cn/info/1135/27227.htm", "11月11日，全球最具代表性的女性建筑家之一、普利兹克建筑奖得主妹岛和世教授在四川大学笃行楼演播厅作“建筑与环境”主题演讲。四川大学高端外籍教授、东京大学名誉教授藤井明、建筑家刘家琨、画家何多苓等知名艺术家出席演讲会，来自四川大学、中铁二院、中国建筑西南设计研究院、中国市政工程西南设计研究院、四川省建筑设计研究院、成都市建筑设计研究院等单位的五百余名听众聆听了演讲。妹岛和世教授向逐一介绍了自己主持设计的金泽21世纪美术馆、纽约新博物馆、劳力士学习中心、巴黎卢浮宫分馆、京都西野山集合住宅、鹤冈市文化馆、格雷斯农场河畔建筑等著名项目，以及正在进行中的大阪大学艺术科学学院、悉尼现代工程、米兰博科尼大学新校区等项目。“我所经历的是设计过程本身，和在寻找过程中无数的可能性，对我来说，设计就是一个不断接受的过程。”在介绍犬岛项目时，妹岛和世表示，这种逐点式艺术村落的改造计划并不能够迅速开展，目的是希望通过慢慢地改造来感受过程中对村落到底带来了什么样的变化，这个变化的方向是不是大家所期望的，因此必须要不断调整和改变。“今天我所讲的最初的几个案例都是建筑对周围的环境做延伸，也许可以扩展到周围的社会空间去，赋予它更多维度上的意义，这是我正在探索的一个问题。不仅是对自然环境的延伸，更多是对其他领域的延伸。”在与听众互动环节，妹岛和世教授再次强调了自己的建筑理念，希望能够在未来的建筑设计中更多地思考“建筑之外的东西”。据介绍，妹岛和世于2010年荣获具有“建筑界诺贝尔奖”称号的普利兹克建筑奖，成为该奖项历史上的第二位获奖女性。她的设计作品较多使用玻璃的透明感以及纤细的立柱酝酿出律动的浮游感，弥漫着日式的冷静与克制，被评委会评价为:“建筑看起来很简单。建筑师把建筑看作一个无缝的整体，在那里，物质的存在退却，为人、物体、活动和景观形成感性的背景。他们像极少数人一样探索连续空间、亮度、透明度和物质性的非凡特性，从而创造出一种微妙的合成”。四川大学建筑与环境学院自2015年起策划“日本建筑大师系列讲坛暨国际交流活动”，此前已先后邀请山本理显、原广司、竹山圣等日本建筑大师来校讲座交流。                                                             "
"我校彭强、叶玲两位教授入选国家“杰青”", "http://news.scu.edu.cn/info/1135/27318.htm", "    近日，根据《国家杰出青年科学基金项目管理办法》的规定和国家杰出青年科学基金评审委员会的评定结果, 国家自然科学基金委员会决定资助国家杰出青年科学基金项目199项，其中我校化学学院彭强教授、华西口腔医学院叶玲教授获得国家杰出青年科学基金项目资助。至此，自国家杰出青年科学基金设立以来，我校共有48人获得资助。彭强，化学学院教授、博士生导师，主要从事有机小分子、高分子太阳能电池关键材料（给体、受体、界面材料）的分子设计与合成，钙钛矿太阳能电池关键材料（空穴传输层、电子传输层、钙钛矿层材料）的设计制备，有机小分子、高分子太阳能电池、钙钛矿太阳能电池器件性能及工艺优化， 有机超分子智能材料的设计合成与自组装研究，碳纳米材料（富勒烯、纳米管、石墨烯）及其有机-无机复合材料与光电转化器件等方面的研究；近年来在Energy Environ. Sci., Adv. Mater., J. Am. Chem. Soc., Adv. Energy Mater., Adv. Funct. Mater., Nano Energy, ACS nano等国内外期刊上发表学术论文132篇，SCI收录112篇，影响因子大于4.0的有55篇，影响因子大于10.0的有18篇，被他人引用2500余次（其中3篇单篇引用超过100次，6篇入选ESI高被引论文，6篇入选ESI 热点论文，11篇入选发表期刊的热点论文和封面论文，9篇被Material Views China、X-MOL等亮点介绍）。撰写学术专著章节2章，申请中国发明专利18项（已授权10项），获省部级自然科学奖1项（排名第1）。入选教育部新世纪优秀人才支持计划，四川省千人计划，四川省学术和技术带头人，四川省杰出青年基金。叶玲，华西口腔医学院院长，教授、博士生导师，现任中华口腔医学会牙体牙髓专业委员会常委，中华口腔医学会口腔生物医学专业委员会常委，口腔教育专委会副主任委员，四川省口腔医学会副会长，四川省女医师协会副会长。主要从事牙体牙髓病学临床医疗、教学和科研工作，擅长牙髓根尖周病的现代诊治及疑难病例的治疗。担任本科生、研究生等教学工作。致力于牙髓病病因和防治及牙髓生物学的研究，以牙齿发育中的信号通路研究和牙再生为主研方向。发表论文100余篇，主编专著2部，参编教材及专著7部。先后参与国家自然科学基金、国际合作项目等重大科研课题10余项。参研课题获国家科技进步奖二等奖、教育部高等学校科技进步奖一等奖、四川省科技进步奖一等奖、中华科技进步奖三等奖一项。两次获四川大学青年骨干教师奖励计划资助，并获四川省杰出青年科技基金资助，入选新世纪人才支撑计划，四川省学术技术带头人、四川省卫生厅学术技术带头人。据悉，国家杰出青年科学基金是国务院1994年批准设立、国家自然科学基金委员会负责管理的专项基金。杰青基金支持在基础研究方面已取得突出成绩的青年学者自主选择研究方向开展创新研究，旨在促进青年科技人才的成长，吸引海外人才，培养造就进入世界科技前沿的优秀学术带头人。国家杰青每年名额仅为200个，资助率一般在10%以内，“公开、公平、公正”的评审过程和严格的评审制度，使得该项基金始终保持着良好声誉。"
"国家社科基金重大项目“俄罗斯《中国精神文化大典》中文翻译工程”结题会举行", "http://news.scu.edu.cn/info/1135/27316.htm", "11月17—18日，以四川大学文学与新闻学院刘亚丁教授为首席专家的国家重大社科基金项目“俄罗斯《中国精神文化大典》中文翻译工程”的结题会在四川大学举行，来自中国社会科学院、浙江大学、南开大学、华东师范大学、北京外国语大学、首都师范大学、南京师范大学、四川大学的专家学者40余人参加结项会。结项会由四川大学社科处副处长李昆主持。四川省社科规划办主任黄兵首先讲话，他对项目成果高度认可，认为项目成果必将对中俄文化交流产生重要影响。李昆在讲话中表示，学校及有关部门高度重视本项目，课题进行过程中还推动成立了四川大学—俄罗斯科学院远东所中俄文化研究中心，完成了“丝路书香”重点翻译工程资助的俄译任务，设立了“文化对话”双边论坛。文学与新闻学院党委书记古立峰宣读了俄罗斯科学院远东所所长卢佳宁、中国研究部主任卢基扬诺夫发来的热情洋溢的贺信。贺信写到：“你们隆重庆祝《大典》翻译项目结题。对我们来说，这将永远是历史性的一天！”古立峰随后致辞，他表示，卷帙浩繁的《中国精神文化大典》的翻译出版，必将对中俄两国文化交流发挥巨大作用。中国社会科学院吴元迈荣誉学部委员主持成果鉴定。首席专家刘亚丁，子课题负责人夏忠宪、刘文飞、张建华、李志强、王志耕汇报了项目进行中的甘苦和收获。评审专家陈建华、吴笛、吴晓都、舒大刚、汪介之、林精华对《中国精神文化大典》的翻译质量高度认可，对“俄罗斯《中国精神文化大典》中文翻译工程”项目所取得成绩给予高度赞扬，认为该项目不仅十分契合中华文化走出去的国家战略，同时对推动中俄两国文化交流也大有裨益。"
"华西医院心理卫生中心李涛教授团队在著名期刊《JAMA Psychiatry》发表最新研究成果", "http://news.scu.edu.cn/info/1135/27279.htm", "11月7日，四川大学华西医院李涛教授团队以“Effect of Damaging Rare Mutations in Synapse-Related Gene Sets on Response to Short-term Antipsychotic Medication in Chinese Patients With Schizophrenia”为题, 在国际著名医学期刊《JAMA Psychiatry》（IF=16.6）在线发表精神分裂症药理遗传学研究的最新成果。该杂志同期邀请了3位国际著名的精神药理遗传学和精准医学领域专家为本文配发了题为“Successes and Challenges in Precision Medicine in Psychiatry”的特约评论，对本研究给予高度评价，并对未来在该研究领域的挑战提出新的建议。精神分裂症是一类常见的重性精神障碍，通常起病于成年早期和青壮年期，多缠绵终身，严重损害患者的社会功能与生存质量。但目前对于精神分裂症病因及发病机制尚不清楚，治疗缺乏精准性，新药开发长期停滞不前。李涛教授团队采用随机临床试验的设计，在3000多例精神分裂症患者中，对7种抗精神病药物的6周疗效和不良反应进行评估。更为重要的是，该团队采用全外显子二代测序技术结合生物信息学分析，发现疗效不好的精神分裂症患者在谷氨酸系统相关的基因通路（reduced NMDA synaptic currents)富集了更多的稀有有害突变，并在一组独立的大样本中重复验证了这一发现。该研究结果为精神分裂症谷氨酸假说提供了有力的证据，掲示了遗传机制对抗精神病药物疗效的重要作用，也为精神分裂症的精准治疗和新药开发靶点提供了新思路。《JAMA Psychiatry》杂志是精神病学领域的顶级学术期刊，刊登精神病学领域重要的研究成果，具有广泛的学术影响力。四川大学华西医院王强教授为该论文的第一作者，李涛教授为通讯作者；香港大学李嘉诚医学院（胡希文）为该文的共同第一作者，沈伯松教授为共同通讯作者。全国32家精神卫生机构参与了该项合作研究工作。该工作受到国家自然科学基金、国家自然科学基金与香港研究资助局联合基金、科技部国家十三五重点研发计划（精准医学项目）、四川大学华西医院学科卓越发展1.3.5工程项目的支持。 "
"国家社科基金重大招标项目“明清以来西南官话区地方志方言俗语集成”开题报告暨学术研讨会举行", "http://news.scu.edu.cn/info/1135/27278.htm", "近日，2017年国家社科基金重大招标项目“明清以来西南官话区地方志方言俗语集成”开题报告暨学术研讨会在成都市科华苑宾馆召开。专家组四川大学文学与新闻学院赵振铎教授、向熹教授，教育部人文社科重点研究基地四川大学中国俗文化研究所名誉所长项楚，浙江大学张涌泉教授，香港教育大学朱庆之教授，南京师范大学董志翘教授，西南交通大学汪启明教授；子课题负责人四川师范大学黄尚军教授、四川大学谭伟教授、中南民族大学邵则遂教授等来自全国各高校的30多位专家学者及课题组成员参加了此次会议，围绕西南官话区方言俗语的研究问题展开讨论。会议分四个阶段进行。第一阶段由教育部人文社科重点研究基地四川大学俗文化研究所所长张弘主持，四川省社科规划办主任黄兵、四川大学社科处常务副处长傅其林、四川大学文学与新闻学院副院长周维东先后致辞，对国家社科基金重大项目首席专家、四川大学中国俗文化研究所蒋宗福教授的学术研究及成果给予了高度评价，并对四川大学语言学科第一个国家社科基金重大项目最终研究成果寄予厚望。第二阶段由香港教育大学朱庆之教授主持，首席专家蒋宗福教授作开题报告。蒋宗福教授介绍了本课题研究现状和研究价值、总体框架、研究方法、预期目标及创新点，并就本课题“集成”四川卷、重庆贵州卷、云南广西卷、湖北湖南陕西卷，以及明清民国西南官话宏观研究等五个子课题的相关问题进行论证说明。第三阶段，专家组听取课题汇报后，赵振铎教授、向熹教授、项楚教授、张涌泉教授、朱庆之教授、董志翘教授、汪启明教授先后对课题的可行性与研究价值予以充分肯定，对本课题提出了建议和指导。第四阶段，课题组就投标书、专家组意见及研究中的一些问题进行了深入的讨论。该项目研究周期五年，将形成系列论文、调查报告及多部学术专著。"
"我校外国语学院杨武能教授获“翻译文化终身成就奖”", "http://news.scu.edu.cn/info/1135/27320.htm", "由中国外文局指导，中国翻译协会主办的“改革开放40年与语言服务创新发展论坛暨2018中国翻译协会年会”于11月19日在北京国际会议中心举行了开幕式。在开幕式上颁发了中国译协翻译文化终身成就奖，表彰了7位在翻译与对外文化传播和文化交流方面做出杰出贡献、成就卓著、影响广泛、德高望重的翻译家。我校外国语学院老教授、著名翻译家杨武能先生获得此项殊荣。杨武能先生长期从事德语文学翻译，曾获联邦德国“国家功勋奖章”、国际歌德学会“歌德金质奖章”，以及“洪堡学术奖金”。译有《浮士德》《少年维特的烦恼》《格林童话全集》《海涅诗选》《魔山》《纳尔齐斯与歌尔德蒙》《永远讲不完的故事》《茵梦湖》等百余部作品，编有《歌德文集》、《海涅文集》、《外国中篇名著金库》和“郁金香译丛”等文集，以及论著、散文集多部。杨武能先生多年来持之以恒，以非凡的精力，从事德语文学翻译，为中德文化交流做出了巨大贡献。"
"我校冯小明院士获颁未来科学大奖物质科学奖", "http://news.scu.edu.cn/info/1135/27296.htm", "11月18日下午，第三届未来科学大奖颁奖典礼在北京隆重举行。我校化学学院教授、中国科学院院士冯小明以其在发明新催化剂和新反应方面的创造性贡献、为合成有机分子特别是药物分子提供了新途径的杰出成果获颁物质科学大奖。“感谢我所有的老师，一路走来，给我们传授知识，将我们领进了创造知识和科学研究这个行业；感谢我的团队，在最困难的时候大家一起面对困难；感谢我的学生，他们的激情和热情使我们的研究成果一步步走向成功，在克服困难的过程中，他们得到了成长、获得了知识，把我这个导师教得更聪明、知识更丰富；感谢我的父母、我的夫人和孩子，我把大量的时间投入在实验室里，获得他们的宽容理解和支持；我要感谢很多的同事同行，他们在工作取得成功的时候与我分享，在我遇到困难的时候给我支持的方案和建议；感谢我所工作的单位，为我提供了从事科学研究的舞台；更重要的是感谢未来科学大奖这个平台以及全体评审专家，感谢大家付出的艰辛努力。”冯小明院士在获奖致辞中表示，未来自己的工作仍然要坚持原创性、创新性、引领性和有用性，为社会进步、国家富强、民族复兴作出努力和贡献。颁奖典礼前，冯小明院士还出席了未来科学峰会“青少年对话物质科学奖获奖者”活动，与青少年近距离交流，科普手性化学知识，介绍手性化学研究情况，并结合自己的求学经历，鼓励青少年让优秀成为习惯、让创新成为素质，为个人、家庭、国家、民族的发展领跑。据介绍，冯小明院士主要从事不对称合成方法学及手性医药、农药和具有生理活性化合物的合成研究，在新型手性催化剂的设计合成和新的不对称催化反应研究方面做出了系统工作。设计合成了具有柔性烷基链接的C2对称性双氮氧酰胺化合物配体，建立了结构多样、中心金属种类丰富、可满足不同反应需求的手性双氮氧-金属配合物催化剂库；利用自主设计合成的手性催化剂，实现了多种不对称催化新反应，包括第一例不对称催化α-取代重氮酯与醛的反应(被冠名为Roskamp-Feng反应)；发展的新型手性催化剂和不对称催化合成新反应，为手性化合物的合成提供了新的高效、高选择性方法，并被用于手性天然产物和手-物的合成。"
"荣获特等奖！我校学子在“第二届医药院校药学中药学世界大学生创新创业暨实验教学改革大赛”中取得佳绩", "http://news.scu.edu.cn/info/1135/27121.htm", "近日，由高等学校国家级实验教学示范中心联席会、中国药科大学主办，天津大学药物科学与技术学院承办的“第二届医药院校药学中药学世界大学生创新创业暨实验教学改革大赛”在天津举行。参赛队伍来自63所高校、师生近500人，分为大学生创新创业组（含国际学生）和教师实验教改组，参赛项目总计166个。经过激烈角逐，我校华西药学院杨俊毅老师指导2015级临床药学专业魏薇、毛艺霏、王翠彤、文䶮的参赛项目：“基于BCS的鸢尾苷元给药系统探索研究”荣获创新创业大赛全国特等奖；邓黎、符垚、尹红梅、涂莉、林箐老师的参赛项目“视频教学在注射剂制备中的应用”荣获实验教改比赛全国一等奖。 竞赛采取函评与答辩相结合的方式。参赛者在网上提交创新创业研究报告、实验教学改革申报书，由竞赛评审专家组函评后，再现场做项目工作汇报并答辩。四川大学华西药学院精心组织、认真备赛，推选出来的老师和学生牺牲休息时间，不断修改、优化参赛项目，精益求精，力求以最好的状态呈现在专家面前，最终取得优异成绩，充分展示了四川大学华西药学院长期致力于大学生创新创业和实验教学改革的成果。 本次大赛增强了各高校和同学们之间的交流学习，有利于规范实验教学内容，深化实验教学改革，提高实验教学质量，同时积极推动了各学校实验中心的建设和发展。 "
"国务院副秘书长、国家机关事务管理局局长李宝荣一行到校调研", "http://news.scu.edu.cn/info/1135/26959.htm", "11月7日，国务院副秘书长、国家机关事务管理局局长李宝荣一行到校调研节能减排工作。校党委书记王建国，副校长侯太平、李蓉军，及学校相关单位负责人陪同调研。李宝荣一行参观了学校节能减排工作展，并认真听取了学校相关工作汇报。李宝荣指出，高校在国家节能减排事业中发挥着重要的教育、宣传、引领作用，高校的节能减排教育和相关技术的创新研发对该项事业的发展起着巨大推动作用。四川大学是国家节约型公共机构示范单位和国家公共机构能效领跑者，在节能减排工作方面成效显著，发挥了重要的示范引领作用。希望学校进一步加强节能减排工作推进和技术创新研发，为建设生态良好的美丽中国贡献力量。调研期间，李宝荣一行还先后参观了四川大学博物馆和校史馆。在博物馆，李宝荣了解了馆藏情况，以及博物馆节能减排落实情况，对学校博物馆丰富的馆藏和在细节处做好节能减排工作表示赞赏。在校史馆，李宝荣一行先后参观了润万厅和流风厅，听取了对川大120余年发展历程、重大事件和杰出人物的简要介绍。李宝荣对川大百余年来为国家发展、社会进步做出的重要贡献给予了充分肯定。"
"第八届西部力学青年学者学术沙龙在成都召开", "http://news.scu.edu.cn/info/1135/27232.htm", "近日，由四川省力学学会主办，四川大学建筑与环境学院、成都大学高等研究院联合承办的“第八届西部力学青年学者学术沙龙”在成都开幕。川大深地科学与工程教育部重点实验室主任谢和平院士，四川省力学学会理事长、西南交通大学力学学院院长康国政，成都大学校长王清远，华中科技大学土木工程与力学学院院长李振环，四川大学科研院副院长吴尧，川大建筑与环境学院党委书记蒋文涛，兰州大学土木工程与力学学院教授张兴义等出席了开幕式。来自四川大学、兰州大学、华中科技大学、中国空气动力研究与发展中心等16所高校及科研院所的100余名力学科研工作者参加了沙龙。康国政首先代表四川省力学学会致辞，他回顾了“西部力学青年学者学术沙龙”的发展历史和现状，勉励青年学者们共同开创西部力学学科发展的新局面。吴尧代表川大对参会学者表示欢迎，并高度评价了青年学术沙龙的意义和作用。王清远、蒋文涛代表承办单位分别发言，鼓励并期待更多的西部力学科研工作者参加沙龙研讨活动，分享科研成功经验。谢和平院士在沙龙上作了题为“工程科学中的几个力学基本问题：应该深入开展力学理论研究”的报告，并寄语青年力学学者要有开拓创新、追求卓越的精神，钻研颠覆性的科研领域，取得更好的成绩。会上，李振环、张兴义分别做了邀请报告，李振环介绍了镍基单晶高温合金材料的塑性力学行为，张兴义分享了高温超导材料的性能研究成果。参会的部分青年学者也介绍了自己的研究方向及创新成果。据悉，西部力学青年学者学术沙龙每年举办一次，旨在促进西部力学青年教师、学者之间的学术交流和科研合作，探讨力学研究的最新进展及其在各领域的应用。"
"川大3门课程入选首届中国大学最美慕课", "http://news.scu.edu.cn/info/1135/27231.htm", "近日，由中国教育电视台和高等教育出版社联合策划推出的“最美慕课—首届中国大学慕课精彩100评选展播活动”评选结果揭晓，我校《走近杜甫》《中国现代文学》《巴蜀文化》3门慕课从参评的1850门课程中脱颖而出，分别获一等奖、二等奖、三等奖。《走近杜甫》由文学与新闻学院王红教授讲授，以诗歌为蓝本、诗人个人经历为注解，让学生了解有血有肉、有情有趣、丰富立体的杜甫，逐步领悟杜诗丰厚的人文内容。《中国现代文学》由文学与新闻学院李怡与周维东两位教授领衔，荟萃该领域12位专家学者，介绍中国现代文学的成就，勾勒中国现代文学的历史谱系，展示中国现代文学的历史价值与意义，简明而独居新意地重新诠释中国现代文学。《巴蜀文化》由历史文化学院霍巍教授领衔、13位该领域专家学者联合打造，探寻巴蜀文化的深厚底蕴和靓丽特色，展现多元一体的中华文化魅力，首次开课即有94所高校、3万余名学生选课。“最美慕课—首届中国大学慕课精彩100评选展播活动”旨在展示中国慕课的最新发展水平，推广优质慕课在理念、方法、技术、方式、模式的创新实践，促进大众对中国慕课的了解、认知和使用，从而为建设人人可学、处处可学、时时可学的学习型社会做出贡献。获奖慕课视频片段将于今年11—12月在中国教育电视台专栏节目、中国教育网络电视台和爱课程网 (中国大学MOOC)专题频道进行展播。同时，获奖高校和教师将受邀参与由主办方组织的“最美中国大学MOOC进校园”等系列活动。我校3门慕课获此殊荣是继2017年国家精品在线开放课程评选后我校慕课建设的又一显著成绩。依托我校人文底蕴深厚、学科门类齐全的优势，学校着力建设强势学科引领、接轨社会需求、具有川大特色的系列在线开放课程群。目前已有51门慕课在教育部“爱课程网”“中国大学MOOC”“人卫慕课”“东西部高校课程共享联盟”“智慧树网”以及“学堂在线”等平台上线开课，选课总人数177万余人，受到社会公众的广泛关注和一致好评，实现优质课程资源共享，促进教育公平。学校将继续以在线开放课程建设与应用为契机，顺应未来教育的发展趋势，推动在线开放课程理念、互联网技术与教育教学的深度融合，以制度为牵引，以条件为保障，创新教学模式，推动“探究式-小班化”课堂教学和评价体系改革，提升教育质量，助推人才培养质量“变轨超车”。"
"我校高分子学院承办2018年软物质科学与技术国际研讨会在蓉举办", "http://news.scu.edu.cn/info/1135/27230.htm", "近日，2018年软物质科学与技术国际研讨会在成都举办。本次会议由四川大学高分子科学与工程学院、华南理工大学软物质科学与技术高等研究院、北京大学软物质科学与工程中心和东华大学共同主办。来自加拿大、日本、法国、美国、英国、荷兰、韩国、中国台湾地区以及内地清华大学、北京大学、复旦大学、中国科学技术大学、四川大学等众多高校和研究机构的200余位专家学者参会。本次研讨会由华南理工大学程正迪院士、四川大学傅强教授、北京大学马玉国教授、东华大学朱美芳教授联合担任大会主席。David A. TIRRELL院士（美国）、Edwin L. THOMAS院士（美国）、程正迪院士（美国）、Egbert W. MEIJER院士（荷兰）、Takuzo AIDA院士（日本）、曹镛院士（中国）、江明院士（中国）、张希院士（中国）担任国际顾问委员会成员。程正迪院士在开幕式上致辞，他希望本次研讨会能够促进国内外一流大学的学术互动，加强软物质领域相关学者的合作与交流。在为期3天的研讨会中，专家学者们主要围绕软物质合成与性能、软物质材料加工中的物理化学问题、软物质表界面与组装、生物相关软物质材料4个主题进行学术研讨。本次会议安排了60个主题报告、124个邀请报告以及53个墙报。美国工程院院士Edwin L. Thomas、梅奥医学中心主任Michael J. Yaszemski、法国查尔斯·萨德伦研究所Bernard Lotz教授、东北大学多元物质科学研究所Hiroshi Jinnai教授、英国谢菲尔德大学Oleksandr Mykhaylyk等21位外国专家以及东华大学朱美芳教授、复旦大学俞燕蕾教授、浙江大学李伯耿教授、清华大学刘冬生教授等多位国内专家做了精彩纷呈的学术报告，会场讨论气氛热烈。此外，来自四川大学、北京大学、华南理工大学、东华大学、中国科技大学等多名学生作了墙报展示，向与会专家学者们分享了实验最新进展。本次会议中，世界各地的专家共同分享和探讨了软物质科学与技术领域的最新研究进展，为广大学者提供了良好的交流平台。"
"澳大利亚贸易投资委员会首席执行官Stephanie Fahey一行到访川大", "http://news.scu.edu.cn/info/1135/27233.htm", "11月8日，澳大利亚贸易投资委员会首席执行官Stephanie Fahey一行到访我校，李言荣校长在望江校区明德楼贵宾厅会见了代表团。澳大利亚驻成都总领事林明皓陪同访问，澳大利亚贸易投资委员会、澳大利亚驻成都总领事馆及四川大学有关人员参加会见。李言荣在会见中表示，四川大学一直重视与澳大利亚高水平学校和科研机构的交流合作，近年来在学生联合培养、学者交流访问、科学研究合作等方面取得了良好的成效，特别是在医疗健康、生物材料、灾后重建等多个领域取得了进展。他指出，四川大学正在与成都市联合打造“一心、一谷、一环”战略布局，以“新医学”为特色，致力于建成世界一流前沿医学研究中心、全球最大的生物治疗转化医学基地、世界顶尖的罕见病疑难病智慧医疗基地和世界闻名的抗衰老医养基地。在此基础上，川大将着重从三个方面与澳大利亚相关机构加强合作。一是进一步拓展国际化办学，推进国际化发展，助力世界一流大学建设。二是进一步打开学生国际视野，通过“国际课程周”、“大川视界”大学生海外访学计划为代表的形式多样的交流活动，进一步增进与澳大利亚高水平大学的交流互动。三是进一步加强科研合作，推动双方已有项目的落实落地。Stephanie Fahey表示，澳大利亚贸易投资委员会作为澳大利亚的政府机构，负责推广贸易、投资及国际教育。四川大学此前已与澳大利亚多所知名高校和科研机构展开了扎实合作，取得了卓有成效的进展。此行到访川大，希望借力学校学科交叉优势，充分发挥川大医学学科科研优势，进一步推进澳大利亚相关机构与川大在医疗领域的合作，在继续深化已有合作项目的基础上，进一步增进联系，推进产学研合作，促进医疗领域的科技成果转化，切实造福人类。"
"未来科学大奖得主冯小明：激发青年科研热情  成就中国科学未来", "http://news.scu.edu.cn/info/1135/27306.htm", "11月19日中午，在成都双流国际机场，刚刚获得第三届未来科学大奖物质科学奖的冯小明院士返蓉。学校相关单位第一时间来到机场迎接，向载誉归来的冯小明院士送上了鲜花和祝福。 冯小明院士在采访中表示，少年强则中国强，少年爱科研则中国科研强。未来科学大奖不仅让世界看到了中国科研成果，提振中国科学的信心，它最重要的意义在于致力于培养年轻人特别是青少年的科研精神，提升他们的科学素养，使他们从小就能够学科学、爱科学，从而激励更多的年轻人投入科学研究，成为促进中国科学发展的新生力量。8年冷板凳，潜心基础理论研究提到冯小明院士，学界首先想到的是他及其团队以手性双氮氧－Sc(OTf)3配合物催化剂实现的首例催化不对称Roskamp反应。2011年，Elsevier公司在第三版《Organic Syntheses Based on Name Reactions》中收录了这一反应，并将之冠名为“Roskamp-Feng反应”。这也是中国科学家在中国本土所做的工作被冠以中国人名的有机化学反应。由冯小明院士带领的课题组，历经近20年的努力，在不对称合成方面开展了系统深入的研究，取得了突破性的进展，获得了一些原创性的研究成果。其研究组开发的配体从结构上具有很高的辨识度，作为一种少有的“全能型”不对称催化剂，可以单独使用作为不对称有机催化剂，也可以作为配体与金属结合生成金属配合物催化剂，能够运用到四十多类不对称催化反应中，尤其是一些重要的不对称新反应。这不仅为一些重要手性分子的合成提供了有效方法，也为深入认识手性诱导和传递规律提供了研究基础。自然新闻刊物《自然—中国》评价这一研究工作是“令人鼓舞的手性”。基于这一研究成果，入选了2011年度“中国高等学校十大科技进展”。相比巨大的荣誉，冯小明院士及其团队的科研起步却显得颇为坎坷。自1999年开始手性双氮氧类不对称催化剂的研究，直到2007年成果初显，冯小明院士老老实实地坐了8年的冷板凳。他坦言道：“这8年其实很困难。因为当时大量的同龄人都有高水平的成果出来了，我还在这里面不停地痛苦地探索。”但在冯小明院士看来，这种痛苦又是必然的。“这个是没办法逾越的，做科研不可能没有困难。做研究是把未知变成已知，中间充满了不确定性，失败是正常的。像大浪淘沙一样，大部分都留不下来，每时每刻都在经历着坚持还是放弃的选择。你不知道什么时候能成功，可能再坚持一下就做成了，也有可能永远不成功。”“化学永远是一门中心的、充满活力的实用性学科！”虽然困难重重，但冯小明院士依然坚定地从事基础理论研究，为社会可持续发展提供坚实的基础。“物质的产生离不开化学，可以说人类存在一天，化学就存在一天，但还有非常多的问题等待我们去解决。我们做的工作不但要关注‘化学的今天’，就是把自然界现有的东西研究透彻；同时我们更要去思考‘化学的明天’，要在旧的自然界旁边又建立起一个新的自然界。因此就我个人来讲，可能这一辈子就做这一件事情了。”实事求是，22年的传承助推科研突破“实事求是”，是冯小明院士在接受采访中提到最多的一句话，也是他一直坚持的人生准则。“我们化学学科是实验科学，研究成果就是要拿来做产品的，来不得半点虚假。这中间实事求是就极其重要，不光是科研，还有做人。你成果不实事求是、经不起考验，不能重现，怎么能用？你这个人不实事求是、经不起考验，怎么能行？”“老师是这么说的，也是这么做的。”冯小明院士的学生表示，在开组会和日常交流时，冯老师经常强调科研成果是否经得起检验，是否可重复。“比如我们课题组就有一个硬要求，凡是有东西出来，肯定要请另外的同学或者老师重复做，只有重现了，这个数据才能作数。”冯小明院士表示，课题组能够发展到今天，文化建设功不可没。在第一理科楼南三楼办公室走廊的墙上，张贴着冯小明院士对课题组的要求：智慧，勤奋，诚信，自信，抓住机遇，走向成功；坚定信念，敢于创新，实事求是，强化责任。这是自1996年建组以来，传承了22年的文化和要求。32个字，不仅告诫学生，更是要求自己。其中，冯小明院士又非常强调理想信念、社会责任的要求。“理想信念不是什么空话，它决定了一个人的人生定位。可以说一个人取得了什么成绩，对家庭有什么付出，对父母有什么回报，对国家有什么贡献等等，都是理想信念的具体体现。同时，在个人的事业成长之外，也一定要记住我们每个人都负担了公益的责任。不能等别人做好了你去享受，只有人人把自己的责任尽到，这个集体就会运转得好，反过来也能促进个人的成长。现在人抱怨很多，觉得社会上这个不好那个不好，但是没有想到如果把自己的事情做好，比如我们14亿人都把自己的事情做好，那国家自然就强大了。”身正为范，成果累累不忘教育初心在科研领域取得重大突破的冯小明院士，也从来没有忘记自己“教师”的身份：“站在讲台上，教师就是第一身份，教书育人就是第一天职。”冯小明院士表示，既然要教书育人，那么教师首先就要起到标杆作用。“身边年轻学生很多，他们都看着老师的。往往一个团队里，老师什么样子，学生毕业以后也是什么样子，就像孩子看着大人一样，有样学样。所以教师身上的严谨、求实的作风非常重要。”此外，他也十分强调教师在能力启发和知识传承方面的重要作用。“做不好科研、教不好书，都不是好老师，一个优秀的大学老师，就是要既能教书，又能做研究。对于大学生来讲，一二年级还是接受知识，三四年级就要学会创造知识，研究生就是进行创造知识的研究了。这中间，教师就特别重要，既要教会学生接受知识，更要教会学生创造知识。”谈到下一步的科研计划，冯小明院士表示将会继续深化在不对称合成领域的研究，向“100%的转化率和零废物排出”的目标不断靠近。“虽然说现在取得了比较好的进展，但这里面还有很多科学问题，尤其是规律性的东西需要去总结，通过实验科学和理论研究，形成理论并反过来指导研究领域的发展。此外，还有一些应用性的成果，比如通过生物活性筛选，希望在所合成的化合物里面产生几个有用的活性分子，这样才有可能更好的为人类造福。” "
"西安交大“西迁人”爱国奋斗先进事迹报告会 在川大举行", "http://news.scu.edu.cn/info/1135/27295.htm", "为深入贯彻落实习近平总书记对弘扬爱国奋斗精神作出的一系列重要指示，进一步推动“弘扬爱国奋斗精神、建功立业新时代”活动，11月18日，由中央组织部、中央宣传部、教育部、中国科协和陕西省委联合主办的西安交通大学“西迁人”爱国奋斗先进事迹报告团四川省巡回报告会在四川大学望江校区笃行楼报告厅举行。教育部思想政治工作司一级巡视员俞亚东，四川省委宣传部副部长刘龙章，四川省委教育工委书记、教育厅厅长、党组书记朱世宏，四川大学校领导王建国、李向成、曹萍，四川高校师生代表参加报告会主会场活动，千余名来自四川省各高校的师生代表和科技工作者代表在分会场观看了报告会。活动由李向成主持。报告会上，5位报告团成员结合亲身经历，从不同角度回望了交通大学波澜壮阔的西迁征程，深情讲述了以西安交通大学“西迁人”为代表的老一辈知识分子的感人事迹，再现了六十多年来一代代西交人扎根西北大地，献身祖国建设的历史场景。西安交通大学党委常委、副校长郑庆华以《继承和发扬西迁精神为民族伟大复兴贡献新力量》为题，回顾了西安交通大学62年来扎根西部的发展成就。西迁老同志、西安交通大学教授胡奈赛在《在祖国的西部扎根开花结果》的报告中，深情回忆了老一辈知识分子响应祖国号召、毅然“西迁”，为祖国西部开发建设事业奉献终生的感人事迹。中国科学院院士、西安交通大学教授管晓宏作了题为《西迁精神激励我们为国为民奉献》的报告，高度赞扬了老一代知识分子“舍小家为大家”的崇高精神境界。国家“人才计划”实施项目入选者、西安交通大学教授徐峰结合自己人生中的三个重要阶段，反映西迁老教授对一大批青年人才为西部贡献智慧与力量产生的深远影响。陕西广播电视台记者陈媛从媒体人的角度出发，回顾了自己在采访中聆听到的西迁故事，赞颂了老一辈知识分子胸怀赤子之心、坚守报国之志的胸襟与情怀。俞亚东在讲话中指出，继承发扬爱国奋斗精神，就是要以“西迁人”的先进事迹为榜样，教育引导广大教师自觉做到“四个相统一”，做“四有好老师”，当好学生“四个引路人”，成为爱国主义的坚守者、践行者、传播者；就是要教育引导广大学生自觉做到“四个正确认识”，坚持爱国、励志、求真、力行，成为爱国奋斗精神的传承者、党和人民事业的接班人、勇担民族复兴大任的时代新人。他强调，要注重政治引领、凝心聚力；注重典型引路、深学细照；注重学用结合、知行合一。朱世宏围绕深入推动全省师生深入学习西迁人爱国奋斗精神强调了三个方面。一要突出思想政治引领，推动习近平新时代社会主义思想深入人心，特别要让西迁精神成为广大师生的共同价值追求。二要厚植爱国主义情怀，推动爱国主义精神在师生心中牢牢扎根，特别要结合四川实际，进一步加强爱国主义教育，引导学生立志肩负起民族复兴的时代重任。三要践行艰苦奋斗精神，为建设教育强省、办好人民满意的教育、推动治蜀兴川再上新台阶做出高校应有的贡献。聆听报告团成员的演讲后，与会师生深深为当年西迁人响应国家号召、献身大西北建设的感人事迹所打动，为一代又一代知识分子胸怀天下的家国情怀、艰苦创业的豪情壮志、矢志奉献的高尚品格所震撼。大家一致表示，新时代孕育新梦想、新使命激发新作为，西迁精神不仅反映了一段历史壮举，更是激励大家为国为民奉献的宝贵精神财富，作为担当民族复兴大任的年轻一代，更要在西迁精神的激励下，为世界、为国家、为西部贡献出全部青春智慧与力量。"
"中国残联副主席程凯一行来校调研", "http://news.scu.edu.cn/info/1135/27226.htm", "11月12日，中国残联副主席、副理事长程凯一行到我校调研高等融合教育试点工作。校党委书记王建国会见了程凯一行，中国残联就业部、四川省残联有关负责人，副校长李蓉军、张林以及我校有关单位负责人、师生代表等参加会见和调研座谈会等相关活动。在会见时，王建国首先代表学校对程凯一行莅临调研表示欢迎，对中国残联长期以来对我校高等融合教育试点工作给予的关心和支持表示感谢。他指出，重视残疾人工作是社会文明和进步的一个重要标志。残疾人接受高水平的教育是其终身发展的现实需要，推动高等融合教育有助于残疾人学生实现公平有尊严地参与社会、融入社会。川大高度重视高等融合教育，从招生、培养、就业等方面全过程关心关爱残疾人学生，对残疾人学生在心理上给予辅导、生活上给予关爱、学业上给予帮扶，让残疾人学生更有尊严、平等地在川大学习和生活，圆满完成学业。王建国表示，川大将以中国残联此次到校调研为契机，更加重视并加强高等融合教育工作，在已有良好工作基础上，进一步完善相关政策和措施，为残疾人学生在校平等地学习生活创造更好的条件，为推动高等融合教育工作科学发展做出新的更大贡献。程凯对川大的热情接待表示感谢，并高度评价了川大在推进残疾人高等融合教育试点工作以及开展残疾人事业人才培养、发展研究与培训等方面采取的措施和取得的成效。他指出，川大作为全国残疾人高等融合教育6所试点高校之一，长期坚持招收残疾学生，积极参与中国特色残疾人事业发展，为建立和完善高等融合教育政策措施提供了有力支撑。程凯表示，高等融合教育支持保障体系亟待建立。希望川大大力推进试点工作，为普通高校开展残疾学生教育、推动我国残疾人高等融合教育事业良好发展和为未来国家制定相关政策提供依据打造川大模式，提供川大经验。中国残联从2017年开始，在全国选择了6所高校开展残疾学生高等融合教育试点。会见结束后，中国残联调研组随即在我校召开“普通高校残疾人高等融合教育试点工作座谈会”。张林代表学校致辞，介绍了校情概况，着重就我校探索的“以教育助残为根本、以人才助残为核心、以科技助残为重点”的新时代高校助推残疾人事业发展的“川大模式”作了介绍。北京联合大学特教学院、长春大学特教学院、南京特殊教育师范学院、川大学工部等首批残疾人高等融合教育试点高校代表的有关部门负责人汇报了各校开展高等融合教育试点工作的思路举措、成效体会、存在的问题和工作建议。我校高等融合教育试点工作参与同学代表作了发言，讲述了自己以顽强的毅力和坚定的信心，克服身体的残缺，刻苦求学、积极融入社会的良好精神风貌和昂扬向上的崇高品行。程凯肯定了首批试点高校在推进高等融合教育试点工作等方面的举措和成效。他表示，残疾人是特殊困难的群体，需要给予格外的关心和格外的关注。中国残联将和有关部门一道，认真梳理各试点高校取得的富有价值的成果，积极推动国家完善顶层制度设计，推动高等融合教育试点工作在更广泛的领域成为规定动作，使试点工作更能满足残疾学生未来学习的要求，为全面推动我国残疾人事业持续发展作出更大贡献。"
"【特稿】服务四川发展 共建世界一流大学 推动治蜀兴川再上新台阶", "http://news.scu.edu.cn/info/1135/27337.htm", "教育是民族振兴、社会进步的重要基石，是功在当代、利在千秋的一件大事。一个地区的教育发展状况，决定着人才培养、科技创新、产业发展、经济社会文化建设水平，是提高一个地区综合实力与竞争力的核心要素，教育发达之地必是繁荣昌盛之地。党的十八大以来，四川大学作为国家布局在西部的重点建设的高水平研究型综合大学，坚持将服务地方发展作为重要任务，秉持“立足四川，服务西部，重点布局，辐射全国”的校地合作模式，在省校共建世界一流大学的伟大事业中，发挥自身综合优势为推动治蜀兴川再上新台阶贡献川大力量。省校共建世界一流大学  办人民满意的教育在学校120周年校庆之际，四川省人民政府、成都市人民政府与四川大学签署共建世界一流大学战略合作协议。根据协议，省市两级政府决定与四川大学，在人才培养和教育教学改革创新领域、科技创新领域、科技成果转化及产业化领域、发展战略决策咨询和高端智库领域、高端国际化合作领域等5个方面通力合作，共建世界一流大学。为深入贯彻落实习近平总书记作出的“推动治蜀兴川再上新台阶，全面建成小康社会决胜阶段再立新功”的重要指示精神，全面推进落实四川省第十一次党代会精神和四川大学第八次党代会精神，继续深化校地全面战略合作，充分发挥四川大学在助推地方经济社会发展中的作用，更好地服务四川省“三大发展战略”，学校领导班子组成调研组奔赴四川21个市州调研考察，深入走访当地企业、农村、社区、医院、学校等，与地方党政领导进行了广泛深入的交流，主动对接地方及企业需求，进一步深化校地合作。在德阳，校党委书记王建国一行深入到东方电气集团汽轮机有限公司、德阳威旭锂电科技有限公司等多家企业，详细了解校企合作情况。王建国表示，学校希望以创新的博士后机制与德阳共建专职科研队伍，支持政校企在旌阳区等德阳下辖县（市、区）共建产业技术研究院分院，打造具有本地区特色的具有核心竞争力的产业或产业集群。在攀枝花，校长李言荣一行与攀枝花市委市政府领导共商校地合作事宜。双方就共同推进四川大学科技成果在攀枝花转移转化、共同设立校地战略合作专项资金、共建钒钛产业创新平台，共同推进攀枝花“一室两中心”为重点的钒钛科研平台建设，共建“四川大学国家技术转移中心攀枝花分中心”，共建高水平研发及成果转化专职科研队伍，在医疗卫生系统展开全面合作等事宜达成了共识，并签署《攀枝花市人民政府—四川大学战略合作协议》。共建科技创新平台  科教兴川助推转型发展创新校地合作模式，以“校地共建一支资金、一个平台、一支队伍”为抓手，深入推进与地方的全面合作。一是，以“企业提需求、政府出资金、学校给配套”的方式，校地共同设立战略合作专项资金。引导和支持教师面向地方和产业需求进行科技研发，破解学校科研人员立项研发与地方和企业需求信息不对称、科技与经济结合不紧密的难题。该模式2013年与四川泸州的合作中首创，2014年与四川德阳签订战略合作资金协议，促进了一批科技创新成果在泸州、德阳落地转化。截至目前，已与四川省内8个市州及成都市高新区等设立“校地合作专项资金”，资金总规模达到5亿元，已实施的川大-泸州、川大-德阳联合研发项目149项，带动各类投资约68亿元，新增产值约35亿元，利税4.2亿元，取得明显经济社会效益。二是校地共建创新研发平台或技术转移服务平台。围绕地方产业转型升级、创新创造和行业技术攻关需要，契合区域特色资源和重点产业，采取 “一地一策”的方式，与地方政府共建专业性创新研发平台或科技成果转移转化服务平台。同时，学校还加强与成都市的全面合作，与武侯区共建“环川大知识经济圈”、与双流区共同打造“环川大江安片区国际化创新创业示范带”、与高新区共建“生物材料产业技术研究院” 及产业示范园、与天府新区共建“成都精准医学产业技术研究院”。三是，探索建立了专业化技术转移服务平台，学校于2012年初由四川省科技厅批准成立了四川大学产业技术研究院，是四川省内第一个依托高校的产研院，整合四川大学国家技术转移中心（全国高校中最早设立的6家国家技术转移中心之一，科技部首批“国家技术转移示范机构”）的职能，作为学校专业性技术转移服务平台。目前，四川大学在全国布局技术转移网络（校地产业技术研究院、技术转移分中心等）20余个。与企业共建校企联合平台（研究院、实验室、中心等）200余个。构建对接市场需求、促进成果交易、提供投融资服务等科技成果转化的全链条服务体系。精准扶贫勇担使命  携手夺取脱贫攻坚战全面胜利自2012年开始对口定点扶贫工作以来，四川大学充分发挥综合大学优势，整合校内外资源，积极参与四川扶贫工作，定点帮扶凉山州甘洛县、广安市岳池县。学校本着“政府所急、群众所需、川大所能”的原则，杜绝“碎片化”，逐步形成“集约化”的工作模式，探索实践了智力扶贫、教育扶贫、人才扶贫、科技扶贫、医疗扶贫等高校精准扶贫模式，为帮扶县打赢脱贫攻坚战、实现区域经济社会可持续发展作出了积极贡献。健全机构，落实责任。将定点扶贫工作作为重大政治任务，成立了以书记、校长为组长，多名副校级领导为副组长的扶贫工作领导小组，统筹协调扶贫工作。建立了部门、学院联络员制度和二级单位“一对一”帮扶机制。编制了学校《进一步推进定点扶贫工作的实施办法》，设立专项经费，确定帮扶项目。教育扶贫、智力扶贫、科技扶贫、医疗扶贫，多措并举做好帮扶工作。学校积极发挥智力资源优势，为地方发展出谋划策。组织专家帮助帮扶县编制了发展规划。发挥教育资源优势，助力地方人才队伍建设。通过各种方式为对口帮扶县培训干部、教师和医护人员。发挥干部人才优势，创新构建了“1+N”干部人才扶贫模式。近年来，共选派了19名干部人才到帮扶县挂职，其中高级职称教师5人、处级干部3人，推动帮扶项目落到实处，受到当地干部群众的高度好评。发挥川大华西医疗资源优势，提高地方医疗卫生水平。整合校内外资源，提升地方产业造血功能。通过不懈努力，学校扶贫工作取得重要阶段性成效，精准帮扶的4个村中，有3个已脱贫“摘帽”，1个计划2018年底实现脱贫目标。学校荣获2017年“四川省扶贫攻坚‘五个一’驻村帮扶先进集体”称号；在国务院扶贫办组织的2017年度中央及国家机关等单位定点扶贫考核中，学校荣获评价“好”，并在教育部直属44个定点扶贫高校7个获得“好”的评价中排名第一。共同打造新型智库  服务四川决策资政党的十八大以来，四川大学充分发挥哲学社会科学在战略研究、资政建言、舆论引导、社会服务方面的重要作用，坚持向中央和国家有关部门、四川省委省政府、以及各市州提供各类决策咨询成果。2013年12月，四川省委宣传部与四川大学签署共建新闻学院协议。目前，共建新闻学院在精品课程共建、骨干队伍共建、实践基地共建、研究智库共建、硬件设施共建、人员互聘互派等方面稳步推进，取得了效果。2015年，四川大学组织专家、教授全程参与四川省委《关于加强四川新型智库建设的意见》的制定工作。2016年，四川省启动了四川新型智库的申报，四川大学国有企业改革与发展研究智库、对外开放与合作研究智库、依法治省研究智库、社会治理与公共安全研究智库、自然灾害防治研究智库等5个智库获批四川省新型智库。近年来，川大专家学者围绕四川省发展战略研究、四川美丽乡村建设、芦山地震灾后重建等方面为省委省政府提供了大量的决策咨询报告，其中近40篇决策咨询报告获得省领导肯定性批示并被省委省政府相关部门采纳。承担省发改委招标及委托课题数十项，涉及省十三五规划的编制、四川省深化区域合作、统筹城乡发展、创新创业、“一带一路”战略与四川省改革发展研究等，为四川省的改革发展决策提供了重要的智力支持。同时，川大教师们还积极为省内各县市地方政府和企事业单位提供咨询服务，受企业委托提供相关设计、为四川各县编制十三五规划等。通过共建新型智库，开展决策咨询研究，川大学者积极为四川发展建言献策，为新时期奋力推动治蜀兴川再上新台阶贡献川大力量。"
"【创一流 话改革】化学学院凝心聚力深化改革 争做“理进”先锋 陟遐自迩谋一流学科发展", "http://news.scu.edu.cn/info/1135/27280.htm", "当前，中国特色社会主义进入了新时代，开启了建设高等教育强国的新征程。在深入学习贯彻习近平新时代中国特色社会主义思想和党的十九大、十九届二中、三中全会精神、纪念我国改革开放40周年、全面加快推进学校“两个伟大”之际，我校围绕落实立德树人根本任务，坚持以习近平新时代中国特色社会主义思想为指引，全面深化校院两级管理体制改革，坚持高质量内涵式发展道路。化学学院党政班子深刻认识深化校院两级管理体制改革的必要性、紧迫性、重要意义和现实作用，把深化改革举措的落实落细落小作为一项重要政治任务，切实提高政治站位，增强改革创新意识，强化责任担当，全面推动深化改革落地见效，为促进学院一流学科建设和全面推进学校“两个伟大”做出更新更大贡献。化学学院承办中国化学会第28届学术年会“深化改革是发展的助推剂、动力源”化学学院一直以来既重视基础研究，又注重应用及开发，努力提高基础研究水平，着力提升解决重大问题能力和原始创新能力。2014年，化学学科在全校率先进入ESI1‰学科之后，一直蹄疾步稳，扎实推进学科持续创新发展， 2018年9月化学学科迈入ESI0.56‰。与此同时，2018年9月全球大学/机构化学领域自然指数排名，化学学科位列全球第28位，也标志着我校化学学科建设取得历史性突破。冯小明院士（左一）荣获国家科学技术奖面对取得的成绩和重大进步，化学学院全体干部师生并未满足，他们深刻认识到，“路漫漫其修远兮”，学院和学科的建设发展任务依然艰巨。当前，受各种因素影响，化学学院事业发展步入了瓶颈阶段，主要集中在人才、空间和博士研究生招生人数等方面。相对于第四轮学科评估中化学学科排名在我校之前和相当的高校，我校化学学院面临着高水平人才短缺、实验室面积不足、博士研究生招生规模较小等突出问题。面对推进“双一流”建设重大发展机遇和挑战，化学学院坚持以习近平新时代中国特色社会主义思想和党的十九大精神为指导，紧密结合学校和学院发展实际，以助推全面加快推进学校“两个伟大”为主线，积极服务国家重大战略需求，瞄准学科发展前沿，分析并找准自身存在的不足，积极营造干在实处、走在前列的创新创业氛围，明确深化改革的主要任务和努力方向。诺贝尔化学奖得主司徒塔特教授为师生作学术报告化学学院充分认识到，世界一流化学学科建设的目标能否百尺竿头，更进一步，能否并行国际学术前沿乃至领跑，深化校院两级管理体制改革，优化内部治理结构是助推剂、动力源；学院全体师生员工必须以“吾将上下而求索”的精神，把人才培养和学科建设制度改革为关键，以公共资源配置改革为保障，坚定不移地推进管理体制改革，激发学院、学科的高质量发展的内生动力。明确改革核心任务 突出改革重点亮点王玉忠院士（右一）荣获四川省科学技术奖一是建立科学合理的考核评价和绩效分配制度，切实做到能够引的进人才、稳的住人才、用的好人才。化学学院推进深化改革，首先推进的就是人事管理制度改革。一方面通过多种途径引进人才，同时还要稳定人才，用好人才。学院坚持以业绩和贡献度为导向，自主开展教职工年度考核、聘期考核，并将考核结果作为岗位调整和是否续聘的依据。同时，坚持多劳多得、优劳优酬的原则，探索将学院绩效工资分配与年度考核结果紧密挂钩，着力构建以业绩和贡献为导向的绩效分配制度，真正建立起“一流大学、一流人才、一流业绩、一流待遇”的人才激励机制；真正建立起开放、流动、竞争、择优的用人机制；建立起基于能力、业绩并充分体现创新价值的薪酬制度，真正实现人尽其才、才尽其用。通过一系列措施，充分调动学院在人才引进和培养过程中的积极性、主动性和创造性，着力构建与世界一流学科建设相适应的人事管理体系，打造起一支品德高尚、学术卓越、教学优秀的高水平师资队伍。冯小明院士荣获第三届未来科学大奖二是完善公用房优化配置管理办法，提高房屋资源利用效益。学院深度融合党建工作和事业发展，加大资源整合力度，把有限的资源用在最有利学院事业发展的地方。在保证学院本科实验教学用房的前提下，坚持向重点学科、重大项目倾斜，重点保证人才引进用房，以科学合理的公房资源配置机制，实施多维度、多层次、常规化、科学性绩效考评机制，以房屋使用效率为衡量准则，具体以时间使用率、人才培养数量及质量、设备管理及使用、科研产出等为重要指标，根据房屋使用效率对学院公房资源实施动态化管理模式，对学校核心指标贡献越大，适当地增大配置数量，探索实验用房有偿使用，提高房屋资源盘活和高效使用，激发广大教职工干事创业的动力和活力。冯小明院士实验室指导学生王玉忠院士实验室指导学生三是健全质量导向的招生指标分配办法。健全研究生指导教师考核评价体系，实行周期考核、动态上岗的导师考核与聘任制度,逐步完善研究生招生指标分配办法和动态调整机制。在学院博士生招生名额有限的情况下，对当年具有招生资格的博士生导师在当年招收博士生人数作如下规定：每年招收博士生人数=基础指标+奖励指标+动态指标；同时受招生人数上限限制。健全质量保障与监督体系，严格执行博士生导师退休制度，对于学位论文造假及学位论文抽检不合格的导师进行惩罚，减少招生指标甚至取消博士生导师资格，增加学位论文质量好的导师招生指标。通过一些类措施，保证导师有足够的精力指导和培养博士生，提高博士生培养质量。化学学院号召全院师生员工，团结一心，努力工作，扎实推进学院人事管理制度、人才培养及学科建设管理制度、公共资源配置等配套改革，激励全院师生主动对标“双一流”，面向科学前沿、服务国家重大战略需求，为全面加快推进学校“两个伟大”作出新的更大贡献。"
"王建国为“青年马克思主义者培养工程”大学生骨干学校弘毅班学员授课", "http://news.scu.edu.cn/info/1135/27276.htm", "“同学们要学习研读马克思主义经典、传播马克思主义的精神，将其作为一种生活习惯、一种精神追求，学马、知马、姓马、信马、行马，传承川大红色基因，筑牢信仰之本，补足精神之钙，把稳思想之舵，争做新时代坚定的青年马克思主义者。”为深入推进我校青年马克思主义者培养工作，进一步加强学生骨干队伍建设，11月16日，校党委书记王建国为“青年马克思主义者培养工程”大学生骨干学校弘毅班（十一期）学员讲授第一课。校党委副书记、副校长李向成，校党委副书记曹萍以及学校相关部门、学院负责人，“青年马克思主义者培养工程”大学生骨干学校弘毅班（十一期）全体学员和我校团学骨干代表聆听授课。长期以来，学校党委高度关心和重视“青年马克思主义者培养工程 ”，注重对学生骨干政治素养和理想信念的教育，关心学生骨干成长，多次部署指导“青马工程”相关工作。在报告中，王建国以《与信仰对话 筑青春梦想 争做新时代坚定的青年马克思主义者》为主题，紧密结合自身成长和工作感悟，围绕新时代特征和主题，贴近青年学子思想实际，从“马克思、马克思主义的基本要义”“为什么要做新时代坚定的青年马克思主义者”“努力成长为新时代坚定的青年马克思主义者”等三个方面，为同学们作了一场生动精彩的授课。“作为诞生于民族危难之际的川大，历来是‘四川进步势力的大本营’和‘西南一带传播革命种子的园地’，对推动马克思主义在中国的传播发挥了重要作用，是马克思主义在中国早期传播的发源地之一。”王建国从川大传播马克思主义的优良传统和在悠久校史中涌现出来的一大批救国救民、振兴中华的仁人志士讲起，铺开了一幅川大人传承红色基因、不懈奋斗的历史画卷，讲述了致力于人类解放的伟大思想家和革命家马克思的生平事迹、马克思主义的基本要义和中国选择马克思主义的历史必然性。围绕“为什么要做新时代坚定的青年马克思主义者”这一问题，王建国作了深入浅出的解读。他指出，培养青年马克思主义者，关乎到党执政基础的巩固与扩大，关乎到中国特色社会主义事业的兴衰成败，关乎到马克思主义在中国的继承和发展，关乎到青年人生崇高价值的创造与实现。王建国在授课时指出，《中长期青年发展规划（2016-2025年）》将“青年马克思主义者培养工程”列在十大重点项目首位，并对新时代坚定的青年马克思主义者提出了“对党忠诚、信仰坚定、素质优良、作风过硬”的基本要求。围绕如何成为新时代坚定的青年马克思主义者，王建国结合习近平总书记提出的一系列关于青年工作的重要论述和青年学子肩负的新时代重任与历史使命，向同学们提出殷切期望，寄语川大学子筑牢忠诚之“魂”，把牢政治方向，坚定理想信念，对党高度信赖，时刻保持坚定的政治本色；筑牢信仰之“本”，加强党性锻炼，坚持不懈斗争，时刻保持坚定的信念底色；筑牢能力之“核”，练就过硬本领，要有“本领恐慌”意识，勤于学习、善于学习、勇于实践、敢于创新，时刻保持坚定的本领亮色；筑牢品质之“要”，练就过硬作风，要密切联系群众、保持奋斗精神、扛起责任担当，时刻保持坚定的作风原色。王建国最后深情地对同学们说到，“你们是新时代建设社会主义现代化强国和实现中华民族伟大复兴征程上的生力军，与强国进程同生同长、共同前进，这是你们鲜明的时代际遇。希望同学们坚持以习近平新时代中国特色社会主义思想为指引，脚踏实地，刻苦学习，积极参与社会实践，做新时代坚定的青年马克思主义者和又红又专的时代新人，勇敢肩负起时代赋予的重任，接力奋斗，圆梦民族复兴，成就精彩幸福人生，成为川大的骄傲和自豪。”同学们认真聆听并仔细地做笔记，授课内容引起大家的共鸣和热议。大家纷纷表示，王建国书记的授课内涵丰富、思想深刻、要求明确，紧扣新时代主旋律，贴近青年成长成才实际，具有很强的理论性、指导性和针对性，是一场生动的马克思主义教育课，为川大学子努力成为一名坚定的青年马克思主义者指明了努力方向。同学们将加强理论学习和实践锻炼，努力争做一名对党忠诚、信仰坚定、素质优良、作风过硬的新时代青年马克思主义者，把个人理想融入国家和民族的事业，勇做时代奋进者、开拓者、奉献者，为川大全面推进“两个伟大”和实现中华民族伟大复兴“中国梦”贡献青春力量。"
"2017年度中国医院排行榜出炉 四川大学华西医院连续九年综合排名第二", "http://news.scu.edu.cn/info/1135/27315.htm", "11月17日，由复旦大学医院管理研究所主办的“百家争鸣医院学科建设论坛暨2017年度中国医院排行榜发布会”在上海召开，来自全国各地的医院管理者们汇聚一堂，共同探讨“学科交叉融合”，并见证“2017年度中国医院排行榜“的发布。四川大学华西医院副院长刘伦旭应邀出席会议，呼吸与危重症医学科、消化内科、麻醉科、康复医学科、超声诊断科代表以及相关职能部门工作人员参会。在上午进行的学科建设论坛上，中国工程院樊代明院士、中国医科大学校长闻德亮分别以“学科建设之我见”、“学科交叉促进学科创新”为题作报告。随后进行了圆桌讨论，刘伦旭、北京协和医院副院长张抒扬、中山大学附属第一医院院长肖海鹏等围绕“学科交叉融合中的规划定位、资源整合、医教研协同”这一主题进行讨论。刘伦旭分享了华西医院促进学科交叉融合的经验与创新举措。他说，学科交叉是产出重大科技成果的突破口，是学科建设的核心，如何做好学科交叉主要依靠两方面，一是平台和组织建设，二是机制保障。四川大学和华西医院校院两级搭建学科交叉支撑平台、优化创新组织架构、积极探索学科交叉保障机制，为实现多学科交叉融合，产出创新科技成果提供了有力保障。下午，复旦大学医院管理研究所所长高解春正式发布“2017年度中国医院排行榜”。在医院综合排名方面，华西医院连续九年排名第二（总分85.550），其中科研连续九年得分满分排名首位。排名前三的分别是北京协和医院、四川大学华西医院和中国人民解放军总医院。今年，在“中国医院专科声誉排行榜”基础上，还新增设了“中国医院专科综合排行榜”，这是本年度榜单的最大亮点。对专科的评价，除了传统的声誉之外，今年还纳入了科研指标，科研得分则由该学科在2017年度的国家自然科学基金、国家重大科研项目等科研投入和2017年度的科研论文、科技成果的科研产出构成。为践行“健康中国”理念和适应医院临床专科发展，在今年评选中新增生殖医学科、变态反应科和健康管理学科，共发布40个临床专科排行榜，其中四川大学华西医院涉及37个专科评选（未开设口腔科、妇产科、小儿内科）。在专科声誉榜方面，麻醉科连续九年排名第一，放射科和急诊医学排名第二，神经外科、泌尿外科、普通外科、康复医学、老年医学、病理学、超声医学排名第三，共有10个专科排名前三，有17个专科排名前五，有28个专科排名前十，覆盖率超过参评专科的75%；而在专科综合榜上，麻醉科、放射科排名第一，普通外科、病理科、急诊医学、泌尿外科排名第二，神经外科、核医学、检验医学、康复医学、老年医学排名第三，共有11个专科排名前三，有17个专科排名前五，有27个专科排名前十，覆盖率超过涉及专科的72%。在同时发布的“2017年区域医院综合实力排行榜”中，四川大学华西医院在西南区继续以满分蝉联第一；在“2017年区域医院专科声誉排行榜”中，四川大学华西医院涉及的37个专科中有31个专科排名第一。从2010年开始，复旦大学医院管理研究所借鉴美国“最佳医院排行榜”的评价方法，坚持以临床学科水平、专科声誉为核心，兼顾当年的科研产出，至今已连续发布了9个年度榜单。由于评价方法的科学性，排行榜的评选结果得到医疗行业广泛认可，成为指导中国医院学科建设的重要指标，同时该榜单也常常被作为大众疑难杂症寻找心中好医院的重要参考。    "
"“@医学+”四川大学博士后交叉学科论坛举行", "http://news.scu.edu.cn/info/1135/27228.htm", "近日，由四川大学人事处主办，成都高新区博士后工作管理办公室、成都高新区生物产业专家联合会协办的“2018年四川大学博士后交叉学科论坛——‘@医学+’论坛”在科华苑宾馆会议室举行。中国工程院院士张兴栋、华东师范大学副校长周傲英、中国计算机学会数据库专委会副主任委员李战怀、长江学者王国仁、成都高新区生物产业发展局局长助理曲建博出席了论坛，我校相关部门负责人参加了论坛。人事处处长赵长生致开幕辞，他表示了对首届四川大学博士后交叉学科论坛“@医学+”论坛的祝贺和对各位嘉宾到来的欢迎。他谈到，四川大学博士后是学校学科队伍的主要来源之一，博士后展现出巨大科研潜力。为进一步促进博士后的交流和学科的交叉，学校创新地举办论坛，并设立了博士后交叉学科创新启动基金。论坛旨在围绕学校全面加快双一流建设的目标，进一步探索学科交叉融合的有效途径，以常态化的形式在学校搭建高水平的交流平台，营造开放、博要、争鸣的学术环境和氛围，促进学科交流碰撞和交叉融合，帮助博士后开拓学术视野，促进学术交流，助推交叉领域学术合作。学科交叉将创新研究领域与方向，博士后论坛的交流将激发创新的思想与火花，平台建设与基金的运行提供交叉创新的保障。周傲英在致辞中表示，川大要做“@医学+”和“信息+”两个方面的试点。这是从“互联网+”中引申的思想，“@”就是立足，“+”则有两层含义，一是引领与融入，二是创新和升级。“@医学+”的题中之意就是要立足医学引领整个学科发展，整个川大的学科建设，这是固本培元的过程。新时代带来了新技术，新技术反过来又影响社会的发展，带巨大的变革，这要求我们用开放的心态来面对发展的不确定。最后周傲英表示希望能在本次论坛中学习和发现计算机交叉学科发展的更多可能，并预祝论坛取得圆满成功。曲建博在致辞中介绍了成都高新区生物医药产业发展和天府生命科技园的基本情况。他表示，成都高新区具有良好的生物产业发展基础，目前正在努力推出天府生命科技园二期工程，即新川生物医药孵化园，该孵化园将会整体加挂四川大学成都高新区前沿医学中心，这是四川大学与成都高新区深度合作的成果，目的在于建成国际一流的“医学+”创新研究、项目孵化和产业导入高地以及“医学+”发展新模式的战略基地。生物医药产业正逐渐成为高新区支柱产业之一，在推动经济向高质量发展过程中发挥了重要作用。论坛大会紧接着开幕式召开，张兴栋做了题为《组织诱导性生物材料——生物材料发展的方向和前沿》的学术报告，就组织诱导性生物材料的定义、性质、地位，生物材料的成功与挑战，生物材料的发展状况，生物材料的新进展等内容介绍了处于国际钱燕妮的生物医学材料的情况。正式拉开了本届论坛的序幕。据悉，本论坛2018年度主题为“@医学+”为主题，主要针对医学大数据与人工智能、医学图像、“医学+组学”、“医学+生物材料”四个交叉学科领域开展研讨。论坛特邀20余名院士、杰青、长江学者及知名专家交流最新研究成果和经验，探讨“@医学+”交叉学科领域关键挑战问题和研究热点，促进各学科与医学、信息技术的交叉融合，增进全校博士后、专职博士后后研究人员学术交流，进一步加强青年骨干人才培养。"
"【创一流 话改革】华西基法学院瞄准“医强” 高质量发展 汇聚深化改革强大合力", "http://news.scu.edu.cn/info/1135/27229.htm", "2017年9月21日，教育部、财政部和国家发改委印发《关于公布世界一流大学和一流学科建设高校及建设学科名单的通知》，公布世界一流大学和一流学科（简称“双一流”）建设高校及建设学科名单，我校入选世界一流大学建设A类高校之一，我校的基础医学等6个学科入选教育部超前一流学科建设。为推进“双一流”建设，抢占国际新学科方向和领域的先机，学校在华西基础医学与法医学院等超前部署了“应激医学引领的特种医学学科”等一批聚焦未来新领域的学科建设，力争使其成为若干新领域的开拓者。同时，华西基础医学与法医学院也是健康中国战略“老年康养医学平台”和国家重点研发计划专项“深地医学平台”等大平台的建设单位之一。华西基础医学与法医学院作为2018年学校校院两级管理体制改革的试点学院之一，面对前所未有的发展机遇，全院教职工团结一心，坚定深化改革的勇气和信心，以期实现跨越式发展，为实现办“最好的医科”、推进学校“两个伟大”提供有力的支撑。          举办第二届国际应激医学前沿论坛暨川大博士研究生高端国际学术论坛聘任十位国内外专家为学校客座教授深化改革：为发展注入强劲动力华西基础医学与法医学院牢记“天行健，君子以自强不息”“苟日新，日日新，又日新”的古训，充分认识到要想在日益激烈的医学教学与科研竞争中砥砺前行，就如同逆水行舟，面临诸多的挑战和困难，不进则退。举办第三届“全球青年学者论坛”分论坛华西基础医学与法医学院党政班、教授委员会、教职工代表广泛讨论、深入研讨，大家纷纷表示，目前学院学科发展等各个方面与兄弟院校之间差距较大，必须紧紧抓住学校全面推进校院两级管理体制改革、“办最好的医科”的有利契机和全面加快推进“双一流”建设步伐的重大发展机遇，应该摒弃不合时宜的旧观念，冲破制约学院发展的旧框框的约束，让各种发展活力充分迸发出来；要以今年7月11日学校召开的“校院两级管理体制改革推进大会”精神为指引，加快推进《四川大学校院两级管理体制改革实施细则》和学院制订的校院两级管理体制改革实施方案的具体落实落细落小，着力推动校院两级人事管理制度改革、财务管理制度改革、人才培养及学科建设管理制度改革、公共资源配置改革落地，进一步充分调动学院办学的积极性、主动性和创造性，为建设一流学科、打造一流基础医学与法医学院注入强劲动力。突破瓶颈：释放办学活力华西基础医学和法医学院充分认识到，校院两级管理体制改革是学校全面深化改革的重要组成部分,是建立一流大学制度、完善内部治理结构的重要举措，也是一流大学制度建设的重要突破口。只有进行全面的校院两级改革，建立以学院为主体的办学模式，才能最大程度，实现“双一流”建设的宏伟目标。刘德培院士走进首届“华西坝院士大讲堂”校院两级管理体制改革是一项负责的系统工程，涉及面非常广泛，改革不能一蹴而就，许多问题必须有浅入深，层层递进。以往的学校管理体制对华西基础医学与法医学院的发展有诸多制约，学校和学院的管理模式与学院的发展客观需要不相适应，学校管理权力过于集中，学校许多政策、规定对所有学院采取“一刀切”的方式，不能充分考虑到基础医学、法医学学科特点以及学院发展现状的具体情况，从而在一定程度制约了各学院在才人培养、师资队伍建设、学科发展和科学研究等各个方面的持续发展。具体表现在：基础医学的师资持续流失严重，高端人才引进十分艰难；对学院平台建设经费投入不够，导致华西基础医学与法医学院科研教学设备陈旧老化，数量严重不足，无法支撑学科发展和一流医学人才的培养。多举并措：把握改革的核心任务华西基础医学和法医学院制定了《应激医学引领的特种医学学科群建设方案》、《华西基础医学与法医学院发展规划（2017--2021）》等一系列中长期发展规划，为学院的校院两级改革指明了方向。学院《法医学》《人体（系统）解剖学》《太极拳医学》三门慕课入选首批国家精品在线开放课程华西基础医学和法医学院出台了一系列人事改革措施，以期能够充分整合现有资源、优化配置：针对学院目标任务和重点建设工作，对学院行政机关进行改革，拟设立师资队伍建设办公室，校内外公开招聘办公室主任；为打破现在以教研室为单位形成的空间、人员、设备等资源割据的状况，对学院下属单位进行改革，撤销现有13个教研室，成立7个系；打造高水平的学科平台，实行PI负责制；根据世界一流大学建设的要求和学院工作的特点，将学院的工作岗位分为专职科研、教学科研、教学、教辅和行政5大类，分类制定考核标准和办法，进行分类评价考核；为充分调动教职工积极性，打造国际一流师资队伍，学院出台《四川大学华西基础医学与法医学院教职工奖励实施办法》，采用“内培”和“外引”的方式，设置“高端人才奖”、“伯乐奖”、“海外人才长期关注计划”、“一对一”培育计划、“PI培育计划”。通过这一系列改革措施，以期能改变学院高端人才引进困难，自有人才成长缓慢的困境，从而在学科队伍建设等方面实现早日实现学院跨越式发展。《四川大学华西基础医学与法医学院教职工奖励实施办法》空间是发展的必需条件，也是学院改革的重要领域。为改变学院教学楼使用混乱、碎片化，学院对现有空间进行科学的规划：将行政办公室搬至不适宜科研和实验教学的保护性建筑，从而使得更多适宜于实验室的空间用于科研平台建设和未来发展需要。目前学院自筹经费近600万，在华西校区逸夫基础教学楼三楼建成公共开放科研平台，设立青年科研基金，为学院青年教师的成长提供必要的基础条件支撑与服务。华西基础医学与法医学院公共实验平台学院积极出击，开门办学，加强对外交流和合作，学院与华西第二医院签订《深度合作框架协议》，双方在联合引进高水平领军人才、共同建设先进的科研平台、合理统筹规划空间资源、联合举办国际学术交流、共享现有科研设备等资源等方面建立长期深度合作关系；与中科泰禾生物科技有限公司签订《战略合作框架协议》，实现科研技术转化，共建营养医学研究中心和第三方医疗检测服务机构。华西基础医学与法医学院与华西第二医院战略合作签约仪式为提升学术交流水平，出台一系列有利于人才培养及学科建设的举措：高水平讲座常规化，学院从2017年6月起，本周至少举办一场“名师华西大家讲堂”，邀请院士、国内长江杰青、国外知名高校教授等近100名高水平专家讲学，受益师生超过6000人次；读书报告会常规化，学院从2017年6月起，本周六下午举行“大爱华西读书报告会”，分享国际生物医学研究前沿与成果，提升学术修养，三个校区约5000余人次参与；承办 “华西坝院士大讲堂”高端系列讲座，营造良好的学术氛围、提升学术交流水平；每年举办国际应激医学前沿论坛等高规格学术论坛，与国内外著名高校、研究机构和专家进一步加强交流合作、全方位提升交流合作水平，促进共同发展。美国德州大学MD安德森癌症中心基础科学研究副校长兼我院名誉院长洪明奇院士做报告综上所述，华西基础医学与法医学院高度重视校院两级改革，学校班子和教职工积极推动改革，力求通过制度的改革与完善，坚定不移把校院两级管理体制改革向前推进，助力学院的学科建设、人才培养和科学研究，为建设一流学科和学校全面推进“两个伟大”提供有力支撑。 "
"我校华西生物国重实验室谢丹团队在Nature Medicine发表研究论文——首次展示单个个体多时间点甲基化组/转录组数据分别与慢性/急性疾病相关", "http://news.scu.edu.cn/info/1135/27234.htm", "11月5日，斯坦福大学Michael Snyder课题组与四川大学生物治疗国家重点实验室谢丹课题组组成的合作团队在Nature Medicine杂志上发表了题为“Longitudinal Personal DNA Methylome Dynamics Associate with a Chronic Condition”的论文。个性化精准医学已成为生物医药研究的新兴主题。2015年时任美国总统奥巴马提出开展“精准医学计划”，使得“精准医疗”进入大众视野。得益于高通量测序技术，我们可以通过探究生理状态（如疾病的发生发展）与个体分子表征之间的关联系统性地解析每个病人的病情，从而实现个性化监测、诊断和治疗。然而，传统的大规模队列组学研究旨在了解某一群有相同特质的人群的平均状态，例如疾病或肿瘤患者，而忽略了个体间差异和每个个体都具有特异性的变化。请大家设想，如果可以长时间监测某个个体的各分子水平数据，我们是否可以基于该个体自己的平均状态，来发现变化，从而预测其患病或其他生理状态变化，而非单纯与群体的平均值进行比较。研究所关注的DNA甲基化是基因表达调控的重要机制，且已被报道其会受环境因素和年龄的影响。同时DNA甲基化通常是不对称的，如等位差异甲基化区域（allelic differentially methylated regions）被认为与印记基因有关。在解析生命个体和疾病时，了解DNA甲基化在空间和时间维度上的变化至关重要。目前，在时间维度上对甲基化数据的研究还非常稀缺。与此同时，我们对时间维度上DNA甲基化组数据与转录组数据的关系，及其分别与健康状态的关联性也知之甚少。有关多组学时间维度的动态变化的研究较为罕见，个体甲基化图谱在不同生理状态和健康状态的变化也处于未知状态。目前，基于多组学技术对健康个体的研究较为稀缺。研究组学数据在时间维度的动态变化的研究更为罕见。个体甲基化图谱在不同生理状态和健康状态的变化也处于未知状态。2018年11月5日，斯坦福大学Michael Snyder课题组与四川大学生物治疗国家重点实验室谢丹课题组组成的合作团队在Nature Medicine杂志上发表了题为“Longitudinal Personal DNA Methylome Dynamics Associate with a Chronic Condition”的论文。该论文便在一定程度上弥补了该空隙。图：文章标题及作者列表该文章的共同通讯作者之一是四川大学生物治疗国家重点实验室的特聘研究员，博士生导师，谢丹老师。另外，该文章的两位共同一作来自四川大学生物治疗国家重点实验室，分别为博士生夏林和博士生屠凯岭。该项研究的所有数据收集及实验内容由斯坦福团队负责完成，生物信息学分析工作则由四川大学谢丹老师课题组完成。其中甲基化组数据分析工作主要由夏林博士负责完成，转录组数据分析工作主要由屠凯岭博士完成。该团队通过监测一个个体超过36个月的时间，在文章中首次展示了单个健康个体多时间的甲基化组和转录组数据，并首次揭示了甲基化组数据与个体的慢性疾病相关，例如血糖波动；而转录组数据与急性感染更为相关。特别是DNA甲基化在血糖实际升高80-90天以前出现显著变化，暗示甲基化或许可以协助监测糖尿病，甚至早期检测或预防糖尿病。除此之外，该团队还基于超深的甲基化测序数据，首次展示了数量空前的等位特异性差异甲基化区域，并发现其可能与等位特异性基因的表达调控相关。以上工作为利用组学数据实现个体健康跟踪提供了范例。图：取样时间概况该研究监测一位54岁男性志愿者共1124天（监测期间共经历6次病毒感染，2次血糖浓度升高且均超过2型糖尿病诊断水平），记录了其各时间点的健康参数，并基于PBMCs获得57组RNA-seq数据，28组MethyIC-seq数据。基于以上数据，团队成员发现由于DNA甲基化组数据来源于同一个个体，故不同时间的DNA甲基化组数据具有较高相关性，在时间维度上DNA甲基化数据的变化相对温和。同时也惊喜地发现，相较于其他时间点，血糖浓度升高阶段及其邻近时间点的DNA甲基化图谱有更高的相似性。为研究全基因组甲基化图谱的动态变化情况，研究团队首先对邻近时间点差异甲基化区域（DMRs）进行研究，发现DMRs大多富集于转录起始位点（TSS）两侧及增强子区域；发现血糖浓度升高阶段与其前面时间点的DMRs数量最多。接下来，研究团队比较了血糖升高阶段和健康阶段的甲基化图谱。由于甲基化变化可能先于生理状态，研究团队将“血糖升高阶段”扩展为包含血糖升高前60、80、90或110天的时间段（60-day-pre, 80-day-pre, 90-day-pre, and 110-day-pre）。团队发现80-day-pre和90-day-pre有最多的DMRs数量，且两个时间段共有DMRs大量富集于TSS附近，且富集于二型糖尿病并有关term中。图：血糖升高阶段和健康阶段的差异甲基化区域情况。各部分分别表示：不同血糖升高时间段与健康时间段的DMRs数量；80-day-pre与90-day-pre共有DMRs不同时间点的甲基化水平；80-day-pre与90-day-pre共有的2个DMR在基因组上的分布情况为进一步解析时间维度上甲基化组数据与转录组数据与慢性血糖变化和病毒感染的关联性，研究团队首先利用滑动窗口研究甲基化组数据与转录组数据的短期变化，发现相较于甲基化组数据，转录组数据中存在更频繁的短期变化；甲基化组数据的短期变化与血糖相关功能有关，而转录组数据的短期变化与免疫相关功能有关。这些结果均说明时间维度的甲基化数据与血糖浓度升高（慢性疾病）有关，而时间维度的转录组数据受多种生理状态的影响，特别是病毒感染（急性疾病）。基于之前的发现，研究团队提出慢性疾病有关的生理状态与时间维度的甲基化组数据变化存在“phase-delayed alignment”的情况，即像血糖升高这一类慢性疾病可能存在相关的甲基化变化先于症状变化的情况。通过识别不同血糖升高时间段（60-day-pre, 80-day-pre, 90-day-pre, and 110-day-pre）的差异甲基化基因（DMGs），研究团队发现80-day-pre和90-day-pre的位于血糖相关功能集中的DMGs占比达到峰值，从而证实之前的假设。但“phase-delayed alignment”现象未在转录组数据中发现。图：甲基化水平变化与血糖升高相关。80-day-pre和90-day-pre的位于血糖相关功能集中的DMGs占比达到峰值。为探究与慢性/急性疾病相关的差异甲基化位点（gDMS，iDMS）的调控功能差异，研究团队将两类差异甲基化位点分别与GENCODE/ENCODE和chromHMM注释进行比较，发现gDMS更富集于启动子区域，说明其在慢性疾病中通过启动子DNA甲基化对基因表达调控的影响甚于在急性疾病中造成的相应影响。同时，发现5个gDMS与已知的与二型糖尿病相关的甲基化靶点（共149个）重合。除此之外，研究团队还报道了两次ADV感染相关的116个差异表达基因，其中有56个基因展现出在感染期间有特别的表达水平动态变化过程，且这些基因相助富集于免疫相关的生物功能上，特别是免疫应答的条目。图：两次ADV感染共有的差异基因表达谱。图中方框框住的部分为56个具有动态变化模式的差异基因。最后，基于之前同系列文章（2012年发表于Cell）中的基因组数据，研究团队有条件解析该课题涉及的个体的等位差异性甲基化图谱（allele-specific methylation patterns），以探究其余印记基因之间的关系。由于所有时间点的甲基化图谱差异都相对较小，故研究团队将深度较高的26个时间点的甲基化组数据合并获得一个极高测序深度的个体甲基化测序数据（平均测序深度为374.5X），从而有机会发现数量空前的等位差异性甲基化位点（ASMs），以及数量是已报道的aDMRs数量的11倍的aDMRs信息。他们还发现每条染色体上的aDMRs的数量与对应染色体基因总数高度相关，与染色体长度和SNV数量无关，这说明aDMRs可能在基因表达过程中扮演调控角色。图：等位特异性甲基化区域情况。每条染色体上的aDMRs的数量与对应染色体基因总数高度相关，与染色体长度和SNV数量无关。通过该项研究，该项研究向我们展示了在单个个体中，虽然甲基化组变化在时间维度上较为温和，但与慢性疾病息息相关；而基因表达量的变化则相对明显，且通常出现在病毒感染期间。该项研究也同样向我们展示了DNA甲基化不止可以作为稳定的表观遗传靶标，也可能在基因表达的长期调控过程中扮演重要角色，还可以作为个体健康状态慢性变化的预测指标，协助监测疾病，甚至早期检测或预防疾病。而这种关联性还可以推广到更多地慢性疾病问题上。除此之外，基于发现的大量aDMRs，该研究向我们展示了aDMRs存在于基因共定位的趋势，表明其可能与等位特异性基因的表达调控相关。总而言之，该项基于个体多组学的综合性研究向我们展示了利用组学数据实现个体健康跟踪及预测的可能性。图：生物治疗国家重点实验室谢丹老师课题组部分成员（左二为共同一作屠凯岭博士，左五为共同一作夏林博士，左六为谢丹老师）。通讯作者信息：谢丹，四川大学生物治疗国家重点实验室特聘研究员、博士生导师；四川大学华西医院精准医学研究中心执行副主任。承担国家自然科学基金重大研究计划、面上项目等多项基础科研项目。在Cell、Nature Biotechnology、Nature Medicine、Genome Research、Cell Research、PLOS Computational Biology，BMC genomics等SCI杂志以通讯作者或第一作者发表多篇论文。研究方向：主要涉及多组学数据以及生物信息学研究，结合近年来迅速发展的测序技术和统计以及机器学习方法，系统深入地研究了多种基因调控机制和基因组间表观遗传谱的差异，揭示基因调控导致性状差异的分子层面机理。同时，致力于开发高通量，高解析度的单细胞多组学复合测序技术；利用单细胞测序技术研究肿瘤发生、发展和耐药等分子机制；开发和转化无创液体活检诊断技术。"
